{
  "users": [
    {
      "id": 9,
      "name": "Glenna Reichert",
      "username": "Delphine",
      "email": "Chaim_McDermott@dana.io",
      "address": {
        "street": "Dayna Park",
        "suite": "Suite 449",
        "city": "Bartholomebury",
        "zipcode": "76495-3109",
        "geo": {
          "lat": "24.6463",
          "lng": "-168.8889"
        }
      },
      "phone": "(775)976-6794 x41206",
      "website": "conrad.com",
      "company": {
        "name": "Yost and Sons",
        "catchPhrase": "Switchable contextually-based project",
        "bs": "aggregate real-time technologies"
      }
    },
    {
      "id": 10,
      "name": "Clementina DuBuque",
      "username": "Moriah.Stanton",
      "email": "Rey.Padberg@karina.biz",
      "address": {
        "street": "Kattie Turnpike",
        "suite": "Suite 198",
        "city": "Lebsackbury",
        "zipcode": "31428-2261",
        "geo": {
          "lat": "-38.2386",
          "lng": "57.2232"
        }
      },
      "phone": "024-648-3804",
      "website": "ambrose.net",
      "company": {
        "name": "Hoeger LLC",
        "catchPhrase": "Centralized empowering task-force",
        "bs": "target end-to-end models"
      }
    },
    {
      "name": "jitu kumar Rana",
      "username": "jeetRana",
      "email": "jitu@gmai.com",
      "phone": "1234567890",
      "website": "jeet",
      "id": 11
    },
    {
      "name": "India",
      "username": "Bharat",
      "email": "aaaa@gamil.com",
      "phone": "1234567890",
      "website": "aaaa.com",
      "id": 12
    },
    {
      "name": "ashish",
      "username": "ashish",
      "email": "ashish@gmail.com",
      "phone": "1234567890",
      "website": "ashich.com",
      "id": 13
    },
    {
      "name": "chudial",
      "username": "chudails11",
      "email": "chudails@gmail.com",
      "phone": "123456789",
      "website": "chudails.com",
      "id": 14
    },
    {
      "name": "bhut",
      "username": "bhut11",
      "email": "vhut@gmail.com",
      "phone": "123456789",
      "website": "bhut.com",
      "id": 15
    },
    {
      "name": "archanaKoMaro",
      "username": "archana111",
      "email": "archana@gamil.com",
      "phone": "435678",
      "website": "archu.com",
      "id": 16
    }
  ],
  "questionsPaper": [
    {
      "id": 1,
      "question": "2*2",
      "options": [
        {
          "opt1": "2"
        },
        {
          "opt2": "3"
        },
        {
          "opt3": "8"
        },
        {
          "opt4": "4"
        }
      ],
      "phone": "1-770-736-8031 x56442",
      "website": "hildegard.org"
    },
    {
      "id": 2,
      "question": "2*3",
      "options": [
        {
          "opt1": "2"
        },
        {
          "opt2": "3"
        },
        {
          "opt3": "8"
        },
        {
          "opt4": "4"
        }
      ]
    },
    {
      "id": 3,
      "question": "2*4",
      "options": [
        {
          "opt1": "2"
        },
        {
          "opt2": "3"
        },
        {
          "opt3": "8"
        },
        {
          "opt4": "4"
        }
      ]
    },
    {
      "id": 4,
      "question": "2*5",
      "options": [
        {
          "opt1": "1"
        },
        {
          "opt2": "2"
        },
        {
          "opt3": "3"
        },
        {
          "opt4": "4"
        }
      ]
    },
    {
      "question": "3+3",
      "options": [
        {
          "opt1": "2"
        },
        {
          "opt2": "4"
        },
        {
          "opt3": "8"
        },
        {
          "opt4": "12"
        }
      ],
      "id": 5
    },
    {
      "question": "3+3*4+4",
      "options": [
        {
          "opt1": "2"
        },
        {
          "opt2": "4"
        },
        {
          "opt3": "19"
        },
        {
          "opt4": "6"
        }
      ],
      "id": 6
    },
    {
      "question": "4+4*4",
      "options": [
        {
          "opt1": "20"
        },
        {
          "opt2": "22"
        },
        {
          "opt4": "34"
        },
        {
          "opt3": "23"
        }
      ],
      "id": 7
    },
    {
      "question": "4+4",
      "options": [
        {
          "opt1": "7"
        },
        {
          "opt2": "8"
        },
        {
          "opt3": "9"
        },
        {
          "opt4": "5"
        }
      ],
      "id": 8
    },
    {
      "question": "8*8",
      "options": [
        {
          "opt1": "6"
        },
        {
          "opt1": "64"
        },
        {
          "opt2": "6"
        },
        {
          "opt2": "60"
        },
        {
          "opt3": "4"
        },
        {
          "opt3": "40"
        },
        {
          "opt4": "5"
        },
        {
          "opt4": "50"
        }
      ],
      "id": 9
    },
    {
      "question": "2*0",
      "options": [
        {
          "opt1": "0"
        },
        {
          "opt2": "2"
        },
        {
          "opt4": "3"
        },
        {
          "opt3": "4"
        }
      ],
      "id": 10
    },
    {
      "question": "6*6",
      "options": [
        {
          "opt1": "3"
        },
        {
          "opt1": "36"
        },
        {
          "opt2": "3"
        },
        {
          "opt2": "32"
        },
        {
          "opt3": "6"
        },
        {
          "opt3": "66"
        },
        {
          "opt4": "2"
        },
        {
          "opt4": "21"
        }
      ],
      "id": 11
    }
  ]
}